dennis kaffer; 5465
carol; 894794651
xande; 54654564
veruska wonker; 2164654564
alcir saraivada; 8975465
karol blanc; 98746542
lorenco ferni; 54554654
beatriz trabalho; 546215
paula orpa; 8798754
amanda tetris; 985485213
roberta roqueirinha; 5485423657
evaline rothervarder; 588456874
darth vader; 548754595
anakin skywalker; 65485548
miss fortune; 54987121
adobe reader; 56498745
fire fox; 54854465
google chrome; 4548954
papa roach; 5454654
estanislovisk stholol; 65465487
zyra infernal; 465465564
denikovsk stalil; 889741211
edinburdo fribas; 6959835
Tranamael lord; 5454
Tyrola uejad; 4548121
Tryndamere; 55454
railander; 56465
bill gates; 98794651
steve jobs; 8974523
railander; 9874654
prometheus; 9856546
hp; 89746546
microsoft; 98798465
ninguem; 74516514
